ubicacion,original,aumentado_antes_redondeo,nuevo
parrafo#42,"$ 13.437,00",14593.93,"$ 14.593,00"
parrafo#43,"$ 1.731,00",1880.04,"$ 1.880,00"
parrafo#44,"$ 1.731,00",1880.04,"$ 1.880,00"
parrafo#45,"$ 6.941,00",7538.62,"$ 7.538,00"
parrafo#46,"$ 3.482,00",3781.80,"$ 3.781,00"
tabla#2:fila#4:col#3:p#1,"$ 4.143,00",4499.71,"$ 4.499,00"
tabla#2:fila#4:col#4:p#1,"$ 3.954,00",4294.44,"$ 4.294,00"
tabla#2:fila#4:col#5:p#1,"$ 3.449,00",3745.96,"$ 3.745,00"
tabla#2:fila#4:col#6:p#1,"$ 1.957,00",2125.50,"$ 2.125,00"
tabla#2:fila#5:col#3:p#1,"$ 5.902,00",6410.16,"$ 6.410,00"
tabla#2:fila#5:col#4:p#1,"$ 5.629,00",6113.66,"$ 6.113,00"
tabla#2:fila#5:col#5:p#1,"$ 4.899,00",5320.80,"$ 5.320,00"
tabla#2:fila#5:col#6:p#1,"$ 2.792,00",3032.39,"$ 3.032,00"
tabla#2:fila#6:col#3:p#1,"$ 6.644,00",7216.05,"$ 7.216,00"
tabla#2:fila#6:col#4:p#1,"$ 6.464,00",7020.55,"$ 7.020,00"
tabla#2:fila#6:col#5:p#1,"$ 5.641,00",6126.69,"$ 6.126,00"
tabla#2:fila#6:col#6:p#1,"$ 3.203,00",3478.78,"$ 3.478,00"
tabla#2:fila#7:col#3:p#1,"$ 7.998,00",8686.63,"$ 8.686,00"
tabla#2:fila#7:col#4:p#1,"$ 7.605,00",8259.79,"$ 8.259,00"
tabla#2:fila#7:col#5:p#1,"$ 6.644,00",7216.05,"$ 7.216,00"
tabla#2:fila#7:col#6:p#1,"$ 3.783,00",4108.72,"$ 4.108,00"
tabla#2:fila#8:col#3:p#1,"$ 16.853,00",18304.04,"$ 18.304,00"
tabla#2:fila#8:col#4:p#1,"$ 16.066,00",17449.28,"$ 17.449,00"
tabla#2:fila#8:col#5:p#1,"$ 14.034,00",15242.33,"$ 15.242,00"
tabla#2:fila#8:col#6:p#1,"$ 8.011,00",8700.75,"$ 8.700,00"
tabla#2:fila#9:col#3:p#1,"$ 4.366,00",4741.91,"$ 4.741,00"
tabla#2:fila#9:col#4:p#1,"$ 4.143,00",4499.71,"$ 4.499,00"
tabla#2:fila#9:col#5:p#1,"$ 3.612,00",3922.99,"$ 3.922,00"
tabla#2:fila#9:col#6:p#1,"$ 2.048,00",2224.33,"$ 2.224,00"
tabla#2:fila#10:col#3:p#1,"$ 5.902,00",6410.16,"$ 6.410,00"
tabla#2:fila#10:col#4:p#1,"$ 5.629,00",6113.66,"$ 6.113,00"
tabla#2:fila#10:col#5:p#1,"$ 4.899,00",5320.80,"$ 5.320,00"
tabla#2:fila#10:col#6:p#1,"$ 2.792,00",3032.39,"$ 3.032,00"
tabla#2:fila#11:col#3:p#1,"$ 2.721,00",2955.28,"$ 2.955,00"
tabla#2:fila#11:col#4:p#1,"$ 2.575,00",2796.71,"$ 2.796,00"
tabla#2:fila#11:col#5:p#1,"$ 2.244,00",2437.21,"$ 2.437,00"
tabla#2:fila#11:col#6:p#1,"$ 1.272,00",1381.52,"$ 1.381,00"
tabla#2:fila#12:col#3:p#1,"$ 6.562,00",7126.99,"$ 7.126,00"
tabla#2:fila#12:col#4:p#1,"$ 6.258,00",6796.81,"$ 6.796,00"
tabla#2:fila#12:col#5:p#1,"$ 5.470,00",5940.97,"$ 5.940,00"
tabla#2:fila#12:col#6:p#1,"$ 3.110,00",3377.77,"$ 3.377,00"
tabla#2:fila#15:col#3:p#1,"$ 5.144,00",5586.90,"$ 5.586,00"
tabla#2:fila#15:col#4:p#1,"$ 4.879,00",5299.08,"$ 5.299,00"
tabla#2:fila#15:col#5:p#1,"$ 4.274,00",4641.99,"$ 4.641,00"
tabla#2:fila#15:col#6:p#1,"$ 2.424,00",2632.71,"$ 2.632,00"
tabla#2:fila#16:col#3:p#1,"$ 6.781,00",7364.84,"$ 7.364,00"
tabla#2:fila#16:col#4:p#1,"$ 6.464,00",7020.55,"$ 7.020,00"
tabla#2:fila#16:col#5:p#1,"$ 5.637,00",6122.35,"$ 6.122,00"
tabla#2:fila#16:col#6:p#1,"$ 3.203,00",3478.78,"$ 3.478,00"
tabla#2:fila#17:col#3:p#1,"$ 7.998,00",8686.63,"$ 8.686,00"
tabla#2:fila#17:col#4:p#1,"$ 7.605,00",8259.79,"$ 8.259,00"
tabla#2:fila#17:col#5:p#1,"$ 6.644,00",7216.05,"$ 7.216,00"
tabla#2:fila#17:col#6:p#1,"$ 3.783,00",4108.72,"$ 4.108,00"
tabla#2:fila#18:col#3:p#1,"$ 16.853,00",18304.04,"$ 18.304,00"
tabla#2:fila#18:col#4:p#1,"$ 16.066,00",17449.28,"$ 17.449,00"
tabla#2:fila#18:col#5:p#1,"$ 14.096,00",15309.67,"$ 15.309,00"
tabla#2:fila#18:col#6:p#1,"$ 8.011,00",8700.75,"$ 8.700,00"
tabla#2:fila#19:col#3:p#1,"$ 4.366,00",4741.91,"$ 4.741,00"
tabla#2:fila#19:col#4:p#1,"$ 4.143,00",4499.71,"$ 4.499,00"
tabla#2:fila#19:col#5:p#1,"$ 3.612,00",3922.99,"$ 3.922,00"
tabla#2:fila#19:col#6:p#1,"$ 2.048,00",2224.33,"$ 2.224,00"
tabla#2:fila#20:col#3:p#1,"$ 5.902,00",6410.16,"$ 6.410,00"
tabla#2:fila#20:col#4:p#1,"$ 5.629,00",6113.66,"$ 6.113,00"
tabla#2:fila#20:col#5:p#1,"$ 4.899,00",5320.80,"$ 5.320,00"
tabla#2:fila#20:col#6:p#1,"$ 2.792,00",3032.39,"$ 3.032,00"
tabla#2:fila#21:col#3:p#1,"$ 2.721,00",2955.28,"$ 2.955,00"
tabla#2:fila#21:col#4:p#1,"$ 2.575,00",2796.71,"$ 2.796,00"
tabla#2:fila#21:col#5:p#1,"$ 2.244,00",2437.21,"$ 2.437,00"
tabla#2:fila#21:col#6:p#1,"$ 1.272,00",1381.52,"$ 1.381,00"
tabla#2:fila#22:col#3:p#1,"$ 6.562,00",7126.99,"$ 7.126,00"
tabla#2:fila#22:col#4:p#1,"$ 6.258,00",6796.81,"$ 6.796,00"
tabla#2:fila#22:col#5:p#1,"$ 5.470,00",5940.97,"$ 5.940,00"
tabla#2:fila#22:col#6:p#1,"$ 3.110,00",3377.77,"$ 3.377,00"
tabla#3:fila#4:col#6:p#1,"$ 697,00",757.01,"$ 757,00"
tabla#3:fila#4:col#7:p#1,"$ 697,00",757.01,"$ 757,00"
tabla#3:fila#4:col#8:p#1,"$ 697,00",757.01,"$ 757,00"
tabla#3:fila#4:col#9:p#1,"$ 697,00",757.01,"$ 757,00"
tabla#3:fila#5:col#6:p#1,"$ 2.048,00",2224.33,"$ 2.224,00"
tabla#3:fila#5:col#7:p#1,"$ 2.048,00",2224.33,"$ 2.224,00"
tabla#3:fila#5:col#8:p#1,"$ 2.048,00",2224.33,"$ 2.224,00"
tabla#3:fila#5:col#9:p#1,"$ 2.048,00",2224.33,"$ 2.224,00"
tabla#3:fila#6:col#6:p#1,"$ 2.634,00",2860.79,"$ 2.860,00"
tabla#3:fila#6:col#7:p#1,"$ 2.634,00",2860.79,"$ 2.860,00"
tabla#3:fila#6:col#8:p#1,"$ 2.634,00",2860.79,"$ 2.860,00"
tabla#3:fila#6:col#9:p#1,"$ 2.634,00",2860.79,"$ 2.860,00"
tabla#3:fila#7:col#6:p#1,"$ 3.203,00",3478.78,"$ 3.478,00"
tabla#3:fila#7:col#7:p#1,"$ 3.203,00",3478.78,"$ 3.478,00"
tabla#3:fila#7:col#8:p#1,"$ 3.203,00",3478.78,"$ 3.478,00"
tabla#3:fila#7:col#9:p#1,"$ 3.203,00",3478.78,"$ 3.478,00"
tabla#3:fila#8:col#6:p#1,"$ 8.011,00",8700.75,"$ 8.700,00"
tabla#3:fila#8:col#7:p#1,"$ 8.011,00",8700.75,"$ 8.700,00"
tabla#3:fila#8:col#8:p#1,"$ 8.011,00",8700.75,"$ 8.700,00"
tabla#3:fila#8:col#9:p#1,"$ 8.011,00",8700.75,"$ 8.700,00"
tabla#3:fila#9:col#6:p#1,"$ 697,00",757.01,"$ 757,00"
tabla#3:fila#9:col#7:p#1,"$ 697,00",757.01,"$ 757,00"
tabla#3:fila#9:col#8:p#1,"$ 697,00",757.01,"$ 757,00"
tabla#3:fila#9:col#9:p#1,"$ 697,00",757.01,"$ 757,00"
tabla#3:fila#10:col#6:p#2,"$ 2.048,00",2224.33,"$ 2.224,00"
tabla#3:fila#10:col#7:p#2,"$ 2.048,00",2224.33,"$ 2.224,00"
tabla#3:fila#10:col#8:p#2,"$ 2.048,00",2224.33,"$ 2.224,00"
tabla#3:fila#10:col#9:p#2,"$ 2.048,00",2224.33,"$ 2.224,00"
tabla#3:fila#11:col#6:p#1,"$ 2.634,00",2860.79,"$ 2.860,00"
tabla#3:fila#11:col#7:p#1,"$ 2.634,00",2860.79,"$ 2.860,00"
tabla#3:fila#11:col#8:p#1,"$ 2.634,00",2860.79,"$ 2.860,00"
tabla#3:fila#11:col#9:p#1,"$ 2.634,00",2860.79,"$ 2.860,00"
tabla#3:fila#12:col#6:p#1,"$ 1.272,00",1381.52,"$ 1.381,00"
tabla#3:fila#12:col#7:p#1,"$ 1.272,00",1381.52,"$ 1.381,00"
tabla#3:fila#12:col#8:p#1,"$ 1.272,00",1381.52,"$ 1.381,00"
tabla#3:fila#12:col#9:p#1,"$ 1.272,00",1381.52,"$ 1.381,00"
tabla#3:fila#13:col#6:p#1,"$ 3.110,00",3377.77,"$ 3.377,00"
tabla#3:fila#13:col#7:p#1,"$ 3.110,00",3377.77,"$ 3.377,00"
tabla#3:fila#13:col#8:p#1,"$ 3.110,00",3377.77,"$ 3.377,00"
tabla#3:fila#13:col#9:p#1,"$ 3.110,00",3377.77,"$ 3.377,00"
tabla#3:fila#16:col#6:p#1,"$ 697,00",757.01,"$ 757,00"
tabla#3:fila#16:col#7:p#1,"$ 697,00",757.01,"$ 757,00"
tabla#3:fila#16:col#8:p#1,"$ 697,00",757.01,"$ 757,00"
tabla#3:fila#16:col#9:p#1,"$ 697,00",757.01,"$ 757,00"
tabla#3:fila#17:col#6:p#1,"$ 2.219,00",2410.06,"$ 2.410,00"
tabla#3:fila#17:col#7:p#1,"$ 2.219,00",2410.06,"$ 2.410,00"
tabla#3:fila#17:col#8:p#1,"$ 2.219,00",2410.06,"$ 2.410,00"
tabla#3:fila#17:col#9:p#1,"$ 2.219,00",2410.06,"$ 2.410,00"
tabla#3:fila#18:col#6:p#1,"$ 3.110,00",3377.77,"$ 3.377,00"
tabla#3:fila#18:col#7:p#1,"$ 3.110,00",3377.77,"$ 3.377,00"
tabla#3:fila#18:col#8:p#1,"$ 3.110,00",3377.77,"$ 3.377,00"
tabla#3:fila#18:col#9:p#1,"$ 3.110,00",3377.77,"$ 3.377,00"
tabla#3:fila#19:col#6:p#1,"$ 3.203,00",3478.78,"$ 3.478,00"
tabla#3:fila#19:col#7:p#1,"$ 3.203,00",3478.78,"$ 3.478,00"
tabla#3:fila#19:col#8:p#1,"$ 3.203,00",3478.78,"$ 3.478,00"
tabla#3:fila#19:col#9:p#1,"$ 3.203,00",3478.78,"$ 3.478,00"
tabla#3:fila#20:col#6:p#1,"$ 8.011,00",8700.75,"$ 8.700,00"
tabla#3:fila#20:col#7:p#1,"$ 8.011,00",8700.75,"$ 8.700,00"
tabla#3:fila#20:col#8:p#1,"$ 8.011,00",8700.75,"$ 8.700,00"
tabla#3:fila#20:col#9:p#1,"$ 8.011,00",8700.75,"$ 8.700,00"
tabla#3:fila#21:col#6:p#1,"$ 697,00",757.01,"$ 757,00"
tabla#3:fila#21:col#7:p#1,"$ 697,00",757.01,"$ 757,00"
tabla#3:fila#21:col#8:p#1,"$ 697,00",757.01,"$ 757,00"
tabla#3:fila#21:col#9:p#1,"$ 697,00",757.01,"$ 757,00"
tabla#3:fila#22:col#6:p#1,"$ 2.492,00",2706.56,"$ 2.706,00"
tabla#3:fila#22:col#7:p#1,"$ 2.492,00",2706.56,"$ 2.706,00"
tabla#3:fila#22:col#8:p#1,"$ 2.492,00",2706.56,"$ 2.706,00"
tabla#3:fila#22:col#9:p#1,"$ 2.492,00",2706.56,"$ 2.706,00"
tabla#3:fila#23:col#6:p#1,"$ 2.634,00",2860.79,"$ 2.860,00"
tabla#3:fila#23:col#7:p#1,"$ 2.634,00",2860.79,"$ 2.860,00"
tabla#3:fila#23:col#8:p#1,"$ 2.634,00",2860.79,"$ 2.860,00"
tabla#3:fila#23:col#9:p#1,"$ 2.634,00",2860.79,"$ 2.860,00"
tabla#3:fila#24:col#6:p#1,"$ 1.272,00",1381.52,"$ 1.381,00"
tabla#3:fila#24:col#7:p#1,"$ 1.272,00",1381.52,"$ 1.381,00"
tabla#3:fila#24:col#8:p#1,"$ 1.272,00",1381.52,"$ 1.381,00"
tabla#3:fila#24:col#9:p#1,"$ 1.272,00",1381.52,"$ 1.381,00"
tabla#3:fila#25:col#6:p#1,"$ 3.110,00",3377.77,"$ 3.377,00"
tabla#3:fila#25:col#7:p#1,"$ 3.110,00",3377.77,"$ 3.377,00"
tabla#3:fila#25:col#8:p#1,"$ 3.110,00",3377.77,"$ 3.377,00"
tabla#3:fila#25:col#9:p#1,"$ 3.110,00",3377.77,"$ 3.377,00"
tabla#3:fila#26:col#6:p#1,"$ 3.110,00",3377.77,"$ 3.377,00"
tabla#3:fila#26:col#7:p#1,"$ 3.110,00",3377.77,"$ 3.377,00"
tabla#3:fila#26:col#8:p#1,"$ 3.110,00",3377.77,"$ 3.377,00"
tabla#3:fila#26:col#9:p#1,"$ 3.110,00",3377.77,"$ 3.377,00"
tabla#4:fila#4:col#6:p#1,"$ 697,00",757.01,"$ 757,00"
tabla#4:fila#4:col#7:p#1,"$ 697,00",757.01,"$ 757,00"
tabla#4:fila#4:col#8:p#1,"$ 697,00",757.01,"$ 757,00"
tabla#4:fila#4:col#9:p#1,"$ 697,00",757.01,"$ 757,00"
tabla#4:fila#5:col#6:p#1,"$ 2.219,00",2410.06,"$ 2.410,00"
tabla#4:fila#5:col#7:p#1,"$ 2.219,00",2410.06,"$ 2.410,00"
tabla#4:fila#5:col#8:p#1,"$ 2.219,00",2410.06,"$ 2.410,00"
tabla#4:fila#5:col#9:p#1,"$ 2.219,00",2410.06,"$ 2.410,00"
tabla#4:fila#6:col#6:p#1,"$ 3.482,00",3781.80,"$ 3.781,00"
tabla#4:fila#6:col#7:p#1,"$ 3.482,00",3781.80,"$ 3.781,00"
tabla#4:fila#6:col#8:p#1,"$ 3.482,00",3781.80,"$ 3.781,00"
tabla#4:fila#6:col#9:p#1,"$ 3.482,00",3781.80,"$ 3.781,00"
tabla#4:fila#7:col#6:p#1,"$ 4.614,00",5011.27,"$ 5.011,00"
tabla#4:fila#7:col#7:p#1,"$ 4.614,00",5011.27,"$ 5.011,00"
tabla#4:fila#7:col#8:p#1,"$ 4.614,00",5011.27,"$ 5.011,00"
tabla#4:fila#7:col#9:p#1,"$ 4.614,00",5011.27,"$ 5.011,00"
tabla#4:fila#8:col#6:p#1,"$ 8.011,00",8700.75,"$ 8.700,00"
tabla#4:fila#8:col#7:p#1,"$ 8.011,00",8700.75,"$ 8.700,00"
tabla#4:fila#8:col#8:p#1,"$ 8.011,00",8700.75,"$ 8.700,00"
tabla#4:fila#8:col#9:p#1,"$ 8.011,00",8700.75,"$ 8.700,00"
tabla#4:fila#9:col#6:p#1,"$ 697,00",757.01,"$ 757,00"
tabla#4:fila#9:col#7:p#1,"$ 697,00",757.01,"$ 757,00"
tabla#4:fila#9:col#8:p#1,"$ 697,00",757.01,"$ 757,00"
tabla#4:fila#9:col#9:p#1,"$ 697,00",757.01,"$ 757,00"
tabla#4:fila#10:col#6:p#1,"$ 2.492,00",2706.56,"$ 2.706,00"
tabla#4:fila#10:col#7:p#1,"$ 2.492,00",2706.56,"$ 2.706,00"
tabla#4:fila#10:col#8:p#1,"$ 2.492,00",2706.56,"$ 2.706,00"
tabla#4:fila#10:col#9:p#1,"$ 2.492,00",2706.56,"$ 2.706,00"
tabla#4:fila#11:col#6:p#1,"$ 2.634,00",2860.79,"$ 2.860,00"
tabla#4:fila#11:col#7:p#1,"$ 2.634,00",2860.79,"$ 2.860,00"
tabla#4:fila#11:col#8:p#1,"$ 2.634,00",2860.79,"$ 2.860,00"
tabla#4:fila#11:col#9:p#1,"$ 2.634,00",2860.79,"$ 2.860,00"
tabla#4:fila#12:col#6:p#1,"$ 1.272,00",1381.52,"$ 1.381,00"
tabla#4:fila#12:col#7:p#1,"$ 1.272,00",1381.52,"$ 1.381,00"
tabla#4:fila#12:col#8:p#1,"$ 1.272,00",1381.52,"$ 1.381,00"
tabla#4:fila#12:col#9:p#1,"$ 1.272,00",1381.52,"$ 1.381,00"
tabla#4:fila#13:col#6:p#1,"$ 3.110,00",3377.77,"$ 3.377,00"
tabla#4:fila#13:col#7:p#1,"$ 3.110,00",3377.77,"$ 3.377,00"
tabla#4:fila#13:col#8:p#1,"$ 3.110,00",3377.77,"$ 3.377,00"
tabla#4:fila#13:col#9:p#1,"$ 3.110,00",3377.77,"$ 3.377,00"
tabla#4:fila#14:col#6:p#1,"$ 3.110,00",3377.77,"$ 3.377,00"
tabla#4:fila#14:col#7:p#1,"$ 3.110,00",3377.77,"$ 3.377,00"
tabla#4:fila#14:col#8:p#1,"$ 3.110,00",3377.77,"$ 3.377,00"
tabla#4:fila#14:col#9:p#1,"$ 3.110,00",3377.77,"$ 3.377,00"
tabla#4:fila#17:col#6:p#1,"$ 906,00",984.01,"$ 984,00"
tabla#4:fila#17:col#7:p#1,"$ 906,00",984.01,"$ 984,00"
tabla#4:fila#17:col#8:p#1,"$ 906,00",984.01,"$ 984,00"
tabla#4:fila#17:col#9:p#1,"$ 906,00",984.01,"$ 984,00"
tabla#4:fila#18:col#6:p#1,"$ 2.520,00",2736.97,"$ 2.736,00"
tabla#4:fila#18:col#7:p#1,"$ 2.520,00",2736.97,"$ 2.736,00"
tabla#4:fila#18:col#8:p#1,"$ 2.520,00",2736.97,"$ 2.736,00"
tabla#4:fila#18:col#9:p#1,"$ 2.520,00",2736.97,"$ 2.736,00"
tabla#4:fila#19:col#6:p#1,"$ 3.523,00",3826.33,"$ 3.826,00"
tabla#4:fila#19:col#7:p#1,"$ 3.523,00",3826.33,"$ 3.826,00"
tabla#4:fila#19:col#8:p#1,"$ 3.523,00",3826.33,"$ 3.826,00"
tabla#4:fila#19:col#9:p#1,"$ 3.523,00",3826.33,"$ 3.826,00"
tabla#4:fila#20:col#6:p#1,"$ 4.614,00",5011.27,"$ 5.011,00"
tabla#4:fila#20:col#7:p#1,"$ 4.614,00",5011.27,"$ 5.011,00"
tabla#4:fila#20:col#8:p#1,"$ 4.614,00",5011.27,"$ 5.011,00"
tabla#4:fila#20:col#9:p#1,"$ 4.614,00",5011.27,"$ 5.011,00"
tabla#4:fila#21:col#6:p#1,"$ 8.011,00",8700.75,"$ 8.700,00"
tabla#4:fila#21:col#7:p#1,"$ 8.011,00",8700.75,"$ 8.700,00"
tabla#4:fila#21:col#8:p#1,"$ 8.011,00",8700.75,"$ 8.700,00"
tabla#4:fila#21:col#9:p#1,"$ 8.011,00",8700.75,"$ 8.700,00"
tabla#4:fila#22:col#6:p#1,"$ 697,00",757.01,"$ 757,00"
tabla#4:fila#22:col#7:p#1,"$ 697,00",757.01,"$ 757,00"
tabla#4:fila#22:col#8:p#1,"$ 697,00",757.01,"$ 757,00"
tabla#4:fila#22:col#9:p#1,"$ 697,00",757.01,"$ 757,00"
tabla#4:fila#23:col#6:p#1,"$ 2.492,00",2706.56,"$ 2.706,00"
tabla#4:fila#23:col#7:p#1,"$ 2.492,00",2706.56,"$ 2.706,00"
tabla#4:fila#23:col#8:p#1,"$ 2.492,00",2706.56,"$ 2.706,00"
tabla#4:fila#23:col#9:p#1,"$ 2.492,00",2706.56,"$ 2.706,00"
tabla#4:fila#24:col#6:p#1,"$ 2.634,00",2860.79,"$ 2.860,00"
tabla#4:fila#24:col#7:p#1,"$ 2.634,00",2860.79,"$ 2.860,00"
tabla#4:fila#24:col#8:p#1,"$ 2.634,00",2860.79,"$ 2.860,00"
tabla#4:fila#24:col#9:p#1,"$ 2.634,00",2860.79,"$ 2.860,00"
tabla#4:fila#25:col#6:p#1,"$ 1.272,00",1381.52,"$ 1.381,00"
tabla#4:fila#25:col#7:p#1,"$ 1.272,00",1381.52,"$ 1.381,00"
tabla#4:fila#25:col#8:p#1,"$ 1.272,00",1381.52,"$ 1.381,00"
tabla#4:fila#25:col#9:p#1,"$ 1.272,00",1381.52,"$ 1.381,00"
tabla#4:fila#26:col#6:p#1,"$ 3.110,00",3377.77,"$ 3.377,00"
tabla#4:fila#26:col#7:p#1,"$ 3.110,00",3377.77,"$ 3.377,00"
tabla#4:fila#26:col#8:p#1,"$ 3.110,00",3377.77,"$ 3.377,00"
tabla#4:fila#26:col#9:p#1,"$ 3.110,00",3377.77,"$ 3.377,00"
tabla#4:fila#27:col#6:p#1,"$ 3.110,00",3377.77,"$ 3.377,00"
tabla#4:fila#27:col#7:p#1,"$ 3.110,00",3377.77,"$ 3.377,00"
tabla#4:fila#27:col#8:p#1,"$ 3.110,00",3377.77,"$ 3.377,00"
tabla#4:fila#27:col#9:p#1,"$ 3.110,00",3377.77,"$ 3.377,00"
tabla#5:fila#3:col#4:p#1,"$ 2.721,00",2955.28,"$ 2.955,00"
tabla#5:fila#3:col#5:p#1,"$ 2.575,00",2796.71,"$ 2.796,00"
tabla#5:fila#3:col#6:p#1,"$ 2.244,00",2437.21,"$ 2.437,00"
tabla#5:fila#3:col#7:p#1,"$ 1.272,00",1381.52,"$ 1.381,00"
tabla#5:fila#4:col#4:p#1,"$ 5.238,00",5688.99,"$ 5.688,00"
tabla#5:fila#4:col#5:p#1,"$ 5.003,00",5433.76,"$ 5.433,00"
tabla#5:fila#4:col#6:p#1,"$ 4.366,00",4741.91,"$ 4.741,00"
tabla#5:fila#4:col#7:p#1,"$ 2.492,00",2706.56,"$ 2.706,00"
tabla#5:fila#5:col#4:p#1,"$ 5.238,00",5688.99,"$ 5.688,00"
tabla#5:fila#5:col#5:p#1,"$ 5.003,00",5433.76,"$ 5.433,00"
tabla#5:fila#5:col#6:p#1,"$ 4.366,00",4741.91,"$ 4.741,00"
tabla#5:fila#5:col#7:p#1,"$ 2.492,00",2706.56,"$ 2.706,00"
tabla#5:fila#6:col#4:p#1,"$ 8.881,00",9645.65,"$ 9.645,00"
tabla#5:fila#6:col#5:p#1,"$ 8.438,00",9164.51,"$ 9.164,00"
tabla#5:fila#6:col#6:p#1,"$ 7.390,00",8026.28,"$ 8.026,00"
tabla#5:fila#6:col#7:p#1,"$ 4.205,00",4567.05,"$ 4.567,00"
tabla#5:fila#7:col#4:p#1,"$ 16.853,00",18304.04,"$ 18.304,00"
tabla#5:fila#7:col#5:p#1,"$ 16.066,00",17449.28,"$ 17.449,00"
tabla#5:fila#7:col#6:p#1,"$ 14.034,00",15242.33,"$ 15.242,00"
tabla#5:fila#7:col#7:p#1,"$ 8.011,00",8700.75,"$ 8.700,00"
tabla#5:fila#9:col#4:p#1,"$ 2.721,00",2955.28,"$ 2.955,00"
tabla#5:fila#9:col#5:p#1,"$ 2.575,00",2796.71,"$ 2.796,00"
tabla#5:fila#9:col#6:p#1,"$ 2.244,00",2437.21,"$ 2.437,00"
tabla#5:fila#9:col#7:p#1,"$ 1.272,00",1381.52,"$ 1.381,00"
tabla#5:fila#10:col#4:p#1,"$ 5.238,00",5688.99,"$ 5.688,00"
tabla#5:fila#10:col#5:p#1,"$ 5.003,00",5433.76,"$ 5.433,00"
tabla#5:fila#10:col#6:p#1,"$ 4.366,00",4741.91,"$ 4.741,00"
tabla#5:fila#10:col#7:p#1,"$ 2.492,00",2706.56,"$ 2.706,00"
tabla#5:fila#11:col#4:p#1,"$ 5.238,00",5688.99,"$ 5.688,00"
tabla#5:fila#11:col#5:p#1,"$ 5.003,00",5433.76,"$ 5.433,00"
tabla#5:fila#11:col#6:p#1,"$ 4.366,00",4741.91,"$ 4.741,00"
tabla#5:fila#11:col#7:p#1,"$ 2.492,00",2706.56,"$ 2.706,00"
tabla#5:fila#12:col#4:p#1,"$ 8.881,00",9645.65,"$ 9.645,00"
tabla#5:fila#12:col#5:p#1,"$ 8.438,00",9164.51,"$ 9.164,00"
tabla#5:fila#12:col#6:p#1,"$ 7.390,00",8026.28,"$ 8.026,00"
tabla#5:fila#12:col#7:p#1,"$ 4.205,00",4567.05,"$ 4.567,00"
tabla#5:fila#13:col#4:p#1,"$ 16.853,00",18304.04,"$ 18.304,00"
tabla#5:fila#13:col#5:p#1,"$ 16.066,00",17449.28,"$ 17.449,00"
tabla#5:fila#13:col#6:p#1,"$ 14.034,00",15242.33,"$ 15.242,00"
tabla#5:fila#13:col#7:p#1,"$ 8.011,00",8700.75,"$ 8.700,00"
tabla#6:fila#3:col#4:p#1,"$ 3.599,00",3908.87,"$ 3.908,00"
tabla#6:fila#3:col#5:p#1,"$ 3.415,00",3709.03,"$ 3.709,00"
tabla#6:fila#3:col#6:p#1,"$ 2.048,00",2224.33,"$ 2.224,00"
tabla#6:fila#3:col#7:p#1,"$ 1.697,00",1843.11,"$ 1.843,00"
tabla#6:fila#4:col#4:p#1,"$ 4.366,00",4741.91,"$ 4.741,00"
tabla#6:fila#4:col#5:p#1,"$ 3.415,00",3709.03,"$ 3.709,00"
tabla#6:fila#4:col#6:p#1,"$ 2.048,00",2224.33,"$ 2.224,00"
tabla#6:fila#4:col#7:p#1,"$ 1.697,00",1843.11,"$ 1.843,00"
tabla#6:fila#5:col#4:p#1,"$ 4.366,00",4741.91,"$ 4.741,00"
tabla#6:fila#5:col#5:p#1,"$ 3.415,00",3709.03,"$ 3.709,00"
tabla#6:fila#5:col#6:p#1,"$ 2.048,00",2224.33,"$ 2.224,00"
tabla#6:fila#5:col#7:p#1,"$ 1.697,00",1843.11,"$ 1.843,00"
tabla#6:fila#7:col#4:p#1,"$ 3.599,00",3908.87,"$ 3.908,00"
tabla#6:fila#7:col#5:p#1,"$ 3.415,00",3709.03,"$ 3.709,00"
tabla#6:fila#7:col#6:p#1,"$ 2.048,00",2224.33,"$ 2.224,00"
tabla#6:fila#7:col#7:p#1,"$ 1.697,00",1843.11,"$ 1.843,00"
tabla#6:fila#8:col#4:p#1,"$ 4.366,00",4741.91,"$ 4.741,00"
tabla#6:fila#8:col#5:p#1,"$ 3.415,00",3709.03,"$ 3.709,00"
tabla#6:fila#8:col#6:p#1,"$ 2.048,00",2224.33,"$ 2.224,00"
tabla#6:fila#8:col#7:p#1,"$ 1.697,00",1843.11,"$ 1.843,00"
tabla#6:fila#9:col#4:p#1,"$ 4.366,00",4741.91,"$ 4.741,00"
tabla#6:fila#9:col#5:p#1,"$ 3.415,00",3709.03,"$ 3.709,00"
tabla#6:fila#9:col#6:p#1,"$ 2.048,00",2224.33,"$ 2.224,00"
tabla#6:fila#9:col#7:p#1,"$ 1.697,00",1843.11,"$ 1.843,00"
tabla#7:fila#3:col#3:p#1,"$ 5.825,00",6326.53,"$ 6.326,00"
tabla#7:fila#3:col#4:p#1,"$ 5.825,00",6326.53,"$ 6.326,00"
tabla#7:fila#3:col#5:p#1,"$ 5.825,00",6326.53,"$ 6.326,00"
tabla#7:fila#3:col#6:p#1,"$ 5.825,00",6326.53,"$ 6.326,00"
tabla#7:fila#5:col#3:p#1,"$ 5.825,00",6326.53,"$ 6.326,00"
tabla#7:fila#5:col#4:p#1,"$ 5.825,00",6326.53,"$ 6.326,00"
tabla#7:fila#5:col#5:p#1,"$ 5.825,00",6326.53,"$ 6.326,00"
tabla#7:fila#5:col#6:p#1,"$ 5.825,00",6326.53,"$ 6.326,00"
tabla#8:fila#3:col#4:p#1,"$ 3.451,00",3748.13,"$ 3.748,00"
tabla#8:fila#3:col#5:p#1,"$ 3.294,00",3577.61,"$ 3.577,00"
tabla#8:fila#3:col#6:p#1,"$ 2.874,00",3121.45,"$ 3.121,00"
tabla#8:fila#3:col#7:p#1,"$ 1.630,00",1770.34,"$ 1.770,00"
tabla#8:fila#4:col#4:p#1,"$ 4.918,00",5341.44,"$ 5.341,00"
tabla#8:fila#4:col#5:p#1,"$ 4.689,00",5092.72,"$ 5.092,00"
tabla#8:fila#4:col#6:p#1,"$ 4.081,00",4432.37,"$ 4.432,00"
tabla#8:fila#4:col#7:p#1,"$ 2.325,00",2525.18,"$ 2.525,00"
tabla#8:fila#5:col#4:p#1,"$ 5.536,00",6012.65,"$ 6.012,00"
tabla#8:fila#5:col#5:p#1,"$ 4.689,00",5092.72,"$ 5.092,00"
tabla#8:fila#5:col#6:p#1,"$ 4.081,00",4432.37,"$ 4.432,00"
tabla#8:fila#5:col#7:p#1,"$ 2.325,00",2525.18,"$ 2.525,00"
tabla#8:fila#6:col#4:p#1,"$ 6.665,00",7238.86,"$ 7.238,00"
tabla#8:fila#6:col#5:p#1,"$ 6.337,00",6882.62,"$ 6.882,00"
tabla#8:fila#6:col#6:p#1,"$ 5.536,00",6012.65,"$ 6.012,00"
tabla#8:fila#6:col#7:p#1,"$ 3.151,00",3422.30,"$ 3.422,00"
tabla#8:fila#7:col#4:p#1,"$ 14.044,00",15253.19,"$ 15.253,00"
tabla#8:fila#7:col#5:p#1,"$ 13.388,00",14540.71,"$ 14.540,00"
tabla#8:fila#7:col#6:p#1,"$ 11.695,00",12701.94,"$ 12.701,00"
tabla#8:fila#7:col#7:p#1,"$ 6.677,00",7251.89,"$ 7.251,00"
tabla#9:fila#1:col#2:p#1,"$ 24.336,00",26431.33,"$ 26.431,00"
tabla#9:fila#2:col#2:p#1,"$ 3.985,00",4328.11,"$ 4.328,00"
tabla#9:fila#3:col#2:p#1,"$ 24.336,00",26431.33,"$ 26.431,00"
tabla#9:fila#4:col#2:p#1,"$ 14.197,00",15419.36,"$ 15.419,00"
tabla#9:fila#5:col#2:p#1,"$ 19.881,00",21592.75,"$ 21.592,00"
tabla#9:fila#6:col#2:p#1,"$ 10.704,00",11625.61,"$ 11.625,00"
tabla#9:fila#7:col#2:p#1,"$ 13.689,00",14867.62,"$ 14.867,00"
tabla#10:fila#1:col#2:p#1,"$ 20.187,00",21925.10,"$ 21.925,00"
tabla#10:fila#2:col#2:p#1,"$ 104.367,00",113353.00,"$ 113.352,00"
tabla#10:fila#3:col#2:p#1,"$ 697,00",757.01,"$ 757,00"
tabla#10:fila#4:col#2:p#1,"$ 2.492,00",2706.56,"$ 2.706,00"
